<launch>
    <!-- unique camera name-->
    <arg name="camera_name" default="camera"/>
    <!-- Hardware depth registration -->
    <arg name="3d_sensor" default="dabai_pro"/>
    <!-- stereo_s_u3, astrapro, astra -->
    <arg name="camera1_prefix" default="01"/>
    <arg name="camera2_prefix" default="02"/>
    <arg name="camera1_serila_number" default="AY053930173"/>
    <arg name="camera2_serila_number" default="AY053930032"/>
    <arg name="device_num" default="2"/>
    <node name="camera" pkg="astra_camera" exec="cleanup_shm_node" output="screen"/>
    <include file="$(find-pkg-share astra_camera)/launch/$(var 3d_sensor).launch.xml">
        <arg name="camera_name" value="$(var camera_name)_$(var camera1_prefix)"/>
        <arg name="serial_number" value="$(var camera1_serila_number)"/>
        <arg name="device_num" value="$(var device_num)"/>
    </include>
    <include file="$(find-pkg-share astra_camera)/launch/$(var 3d_sensor).launch.xml">
        <arg name="camera_name" value="$(var camera_name)_$(var camera2_prefix)"/>
        <arg name="serial_number" value="$(var camera2_serila_number)"/>
        <arg name="device_num" value="$(var device_num)"/>
    </include>
    <node pkg="tf2_ros" exec="static_transform_publisher" name="camera_tf"
          args="0 0 0 0 0 0 camera01_link camera02_link"/>
</launch>
